{"flutter":{"platforms":{"android":{"default":{"projectId":"villa-a2a74","appId":"1:77910416478:android:1636961ead94a94d2328cf","fileOutput":"android/app/google-services.json"}},"dart":{"lib/firebase_options.dart":{"projectId":"villa-a2a74","configurations":{"android":"1:77910416478:android:1636961ead94a94d2328cf","ios":"1:77910416478:ios:7da8602c8487f5922328cf","macos":"1:77910416478:ios:7da8602c8487f5922328cf","web":"1:77910416478:web:ce60484f1023fdb02328cf","windows":"1:77910416478:web:358ac2e20e3c11812328cf"}}}}}}