{
  "project_info": {
    "project_number": "77910416478",
    "project_id": "villa-a2a74",
    "storage_bucket": "villa-a2a74.appspot.com"
  },
  "client": [
    {
      "client_info": {
        "mobilesdk_app_id": "1:77910416478:android:1636961ead94a94d2328cf",
        "android_client_info": {
          "package_name": "com.example.login_form"
        }
      },
      "oauth_client": [],
      "api_key": [
        {
          "current_key": "AIzaSyD4RYb2lUzhNpIcisfPeln7iD9McFmaWdk"
        }
      ],
      "services": {
        "appinvite_service": {
          "other_platform_oauth_client": []
        }
      }
    }
  ],
  "configuration_version": "1"
}